partNumber,dbaCode,description,category,value,package,qtyOnHand,reelQty,feederSlot,eagleDevice,eaglePackage,unitCost,altParts,issueQty2yr,issueTxnCount,matchConfidence,designUsage
10K_0805_1%,RSM0036,10K 1/8W 0805 1%,resistor,10K,0805,,2000,,10K_0805_1%,RESC2012X65,,,388497,194,medium,28
0.1UF_0805,CSM0065,0.1UF 50V CERAMIC 0805 LF,capacitor,0.1UF,0805,,2000,,0.1UF_0805,CAPC2012X110,,,367562,233,high,101
0.1UF_0603_10%_16V,CSM0084,CAP 0.1uF 16V Ceramic 0603,capacitor,0.1UF,0603,,1000,,0.1UF_0603_10%_16V,CAPC1608X85,,,221051,159,medium,253
10K_0603,RSM0126,RES 10K OHM 1/10W 1% 0603 SMD,resistor,10K,0603,,1000,,10K_0603,RESC1608X60,,,198756,200,medium,400
1N4007-TP,D0025,1N4007 AXIAL LF,diode,,AXIAL,,1000,,1N4007-TP,DO-41,,,160305,136,medium,44
1.2K_0805,RSM0038,1.2K 1/8W 1% 0805,resistor,1.2K,0805,,1000,,1.2K_0805,RESC2012X65,,,149510,151,high,41
150^_0805_1%,RSM0043,150^ 1/8W 1% 0805,resistor,150^,0805,,1000,,150^_0805_1%,RESC2012X65,,,131574,136,high,52
1N4148,DSM0002,1N4148 SOD-123 150mA 100V,diode,,DO-1N4148,,2000,,1N4148,DO-1N4148,,,131126,84,medium,90
180^_0603,RSM0121,"180 Ohm, 1/8W, 1%, 0805",resistor,180^,0805,,1000,,180^_0603,RESC1608X60,,,112648,89,low,37
LED_RED_0805,L0068,*** CUSTOMER SUPPLIED ***RED,led,RED,LEDC2012X110N_B,,3000,,LED_RED_0805,LEDC2012X110N_B,,,108380,33,medium,62
220^_0805,RSM0079,RES 220^ 1/8W 1% 0805,resistor,220^,0805,,1000,,220^_0805,RESC2012X65,,,107890,89,high,72
1UF_0603,CSM0154,.1uF 50V X7R 0603,capacitor,1UF,0603,,1000,,1UF_0603,CAPC1608X85,,,104513,99,medium,18
0.1UF_50V_AXIAL,C0024,0.1UF 50V CER AXIAL LF,capacitor,0.1UF,AXIAL,,500,,0.1UF_50V_AXIAL,C410,,,97551,162,high,44
LED_RED_0805,LSM0010,RED 0805 SMT,led,RED,0805,,500,,LED_RED_0805,LEDC2012X110N_B,,,92792,134,medium,62
10K_0603,R0021,10K 5% 0.25W,resistor,10K,RESC1608X60,,1000,,10K_0603,RESC1608X60,,,77072,64,low,400
1.2K_0603,RSM0154,1.2K 1/10W 1% 0603,resistor,1.2K,0603,,500,,1.2K_0603,RESC1608X60,,,75586,106,high,52
MMBT3906LT1,TSM0001,TSM MMBT3906LT1G SOT-23 PNP,transistor,,SOT23,,500,,MMBT3906LT1,SOT23,,,74406,105,medium,30
1K_0805_1%_0.25W,RSM0066,1k 1% 1/8W 0805,resistor,1K,0805,,2500,,1K_0805_1%_0.25W,RESC2012X65,,,71430,29,medium,8
470PF_100V_AXIAL,C0140,"Cap,Cer,Axial,470pf,100V, 5%",capacitor,470PF,AXIAL,,2000,,470PF_100V_AXIAL,C410,,,70250,35,high,32
4.7K_AXIAL,R0005,4.7K 5% 0.25W AXIAL LF,resistor,4.7K,AXIAL,,500,,4.7K_AXIAL,SFR16S,,,68293,115,high,2
180^_0603,RSM0134,RES 180 OHM 1/8W 1% 0603,resistor,180^,0603,,500,,180^_0603,RESC1608X60,,,67579,105,high,37
VREG_SOT23-5,TSM0008,XSTR MOSFET NCH 20V 3.2A SOT23,transistor,,SOT23-5,,500,,VREG_SOT23-5,SOT23-5,,,66702,128,medium,2
4.7K_0805_1%_0.125W,RSM0049,"4.7K,1/8W,1%,0805,SMD",resistor,4.7K,0805,,500,,4.7K_0805_1%_0.125W,RESC2012X65,,,66377,123,medium,13
100^_0805,RSM0107,RES 100R 1% 1/8W 0805,resistor,100^,0805,,2500,,100^_0805,RESC2012X65,,,64048,24,high,2
1K_0805_1%_0.25W,RSM0083,1K 1/8W 1% 0805 SMD,resistor,1K,0805,,500,,1K_0805_1%_0.25W,RESC2012X65,,,62842,99,medium,8
100K_0805,RSM0045,100K 1% 1/8W 0805,resistor,100K,0805,,500,,100K_0805,RESC2012X65,,,59735,81,high,11
22UF_1206_10V,CSM0082,22uF 10V 1206 Ceramic,capacitor,22UF,1206,,250,,22UF_1206_10V,WCAP-CSMH_1206_H1.6_R,,,56213,168,medium,38
100^_0603,R0006,100^ 5% 0.25W AXIAL LF,resistor,100^,AXIAL,,500,,100^_0603,RESC1608X60,,,54764,81,low,140
1K_AXIAL,R0017,1K 5% 0.25W AXIAL LF,resistor,1K,AXIAL,,1000,,1K_AXIAL,SFR16S,,,54232,60,high,79
1N4148,D0006,1N4148TR,diode,,DO-1N4148,,500,,1N4148,DO-1N4148,,,48562,73,medium,90
220^_0603,RSM0140,0^ 1/10W 0603 JUMPER,resistor,0^,0603,,500,,220^_0603,RESC1608X60,,,45966,97,medium,6
220^_1206,RSM0144,220^ 5% 2/3W 1206,resistor,220^,1206,,3000,,220^_1206,RESC3216X70,,,42294,14,high,43
10K_AXIAL,R0003,10K 1% 0.25W Axial Lead Free,resistor,10K,AXIAL,,500,,10K_AXIAL,SFR16S,,,42293,94,high,65
5.1K_0603,RSM0135,RES 1.00K OHM 1/10W 1% 0603 SM,resistor,1.00K,0603,,500,,5.1K_0603,RESC1608X60,,,38222,87,medium,19
BSS670S2L,TSM0007,N-CH FET SOT-23 BSS670S2L,transistor,,SOT23-FET,,500,,BSS670S2L,SOT23-FET,,,37244,53,medium,40
GP_1000V_1A_SOD-123F,DSM0018,Diode Schottky 100V SOD123,diode,,SOD-123F,,1000,,GP_1000V_1A_SOD-123F,SOD-123F,,,36993,44,medium,13
10NF_0805,CSM0009,10NF 50V 10% 0805 LF,capacitor,10NF,0805,,500,,10NF_0805,CAPC2012X110,,,35637,87,high,42
100UF_35V_ALE,CSM0078,100UF 25V ALE SMT,capacitor,100UF,CAPAE660X800N,,250,,100UF_35V_ALE,CAPAE660X800N,,,32834,126,low,44
100^_0603,RSM0210,100^ 1% 1/10W 0603,resistor,100^,0603,,500,,100^_0603,RESC1608X60,,,32727,70,high,140
100^_1210_5%_0.5W,RSM0122,"100 Ohm,1/2W,5%,1210,antisurge",resistor,100^,1210,,1000,,100^_1210_5%_0.5W,RESC3225X70N,,,30728,36,high,36
6.34K_0805,RSM0120,"6.34K, 1/8W, 1%, 0805",resistor,6.34K,0805,,500,,6.34K_0805,RESC2012X65,,,30355,75,high,9
0.01UF_1210_500V,C0035,0.01uF 50V CER AXIAL LF,capacitor,0.01UF,AXIAL,,250,,0.01UF_1210_500V,CAPC3225X135,,,29355,89,low,4
1.2K_0603,R0028,1.2K 5% 0.25W CA,resistor,1.2K,RESC1608X60,,500,,1.2K_0603,RESC1608X60,,,28166,50,low,52
MMBT3904LT1,TSM0003,TSM MMBT3904LT1G SOT-23,transistor,,SOT95P237X112-3N,,250,,MMBT3904LT1,SOT95P237X112-3N,,,27787,125,medium,46
3.3K_0805_1%,RSM0084,3.3K 1/8W 1% 0805 SMD,resistor,3.3K,0805,,500,,3.3K_0805_1%,RESC2012X65,,,25058,56,high,4
270^_0805,R0138,270^ 5% 1/4W Axial LF,resistor,270^,AXIAL,,500,,270^_0805,RESC2012X65,,,24520,39,low,3
620^_1210,RSM0115,620 1/2W 5% 1210 anti surge,resistor,620^,1210,,500,,620^_1210,RESC3225X70N,,,20920,41,high,61
1.62K_0805_0.1%,RSM0106,RES 1.62k OHM 1/8W .1% 0805SMD,resistor,1.62K,RESC2012X65,,250,,1.62K_0805_0.1%,RESC2012X65,,,20549,73,low,30
1M_0603_1%,R0392,1M 1% 1/4W Safety Resistor,resistor,1M,RESC1608X60,,500,,1M_0603_1%,RESC1608X60,,,20256,36,low,26
TSM0019,TSM0019,Triac  T1235-600G-TR  D2Pak,transistor,,D2PAK,,250,,TSM0019,D2PAK,,,19583,57,high,1
2.7K_0805,RSM0051,2.7K 1/8W 1% 0805 LF,resistor,2.7K,0805,,250,,2.7K_0805,RESC2012X65,,,19281,67,high,9
75^_0805,RSM0035,75^ 1/8W 1% 0805,resistor,75^,0805,,500,,75^_0805,RESC2012X65,,,19250,26,high,29
1M_0805_1%,RSM0076,1M 1/8W 1% 0805,resistor,1M,0805,,250,,1M_0805_1%,RESC2012X65,,,19030,65,high,6
4.7K_0603,R0338,4.7K SIP 9 PIN 2% 8RES,resistor,4.7K,RESC1608X60,,250,,4.7K_0603,RESC1608X60,,,15980,68,low,28
30K_0603,R0302,30K  1W  5% METALOXIDE,resistor,30K,RESC1608X60,,1000,,30K_0603,RESC1608X60,,,15398,19,low,12
100UF_35V_ALE,C0002,100uF 25VDC ammo pack only,capacitor,100UF,CAPAE660X800N,,250,,100UF_35V_ALE,CAPAE660X800N,,,14712,48,low,44
PIC16F1513-I-SO,ICSM0186,PIC16F18323-I/SL Microctrl,ic,,MICROCHIP_PIC16F1513-I-SO_2,,500,,PIC16F1513-I-SO,MICROCHIP_PIC16F1513-I-SO_2,,,14497,37,medium,2
LED_RED_0805,L0065,0.56 RED SUPBR 7-SEG CA,led,RED,LEDC2012X110N_B,,250,,LED_RED_0805,LEDC2012X110N_B,,,14474,44,medium,62
100K_0603,RSM0153,100K 1/10W 1% 0603,resistor,100K,0603,,250,,100K_0603,RESC1608X60,,,13975,38,high,65
470^_0603,RSM0088,470^ 1/8 W 1% 0805 SMD,resistor,470^,0805,,500,,470^_0603,RESC1608X60,,,13728,19,low,18
0.22UF_0603,C0117,CAPS 0.22UF 250V METAL POLYFLM,capacitor,0.22UF,CAPC1608X85,,250,,0.22UF_0603,CAPC1608X85,,,12897,40,low,2
150^_AXIAL,R0022,150^ 5% 1/4W AXIAL,resistor,150^,AXIAL,,500,,150^_AXIAL,SFR16S,,,12801,26,high,7
470^_AXIAL,R0117,470^ 5% 0.25W AXIAL LF,resistor,470^,AXIAL,,250,,470^_AXIAL,SFR16S,,,12645,47,high,16
75^_0805,R0069,75^ 1% 0.25W,resistor,75^,RESC2012X65,,500,,75^_0805,RESC2012X65,,,12609,20,low,29
GP_1000V_1A_SOD-123F,DSM0046,ZENER DIODE 10V 1/2W SOD123,diode,,SOD-123F,,500,,GP_1000V_1A_SOD-123F,SOD-123F,,,12497,26,medium,13
L,ICSM0122,LNK362DG,ic,,INDC1608X95N-IPC,,500,,L,INDC1608X95N-IPC,,,12497,26,medium,2
220^_0805,R0385,RES 220 OHM 1W 5% AXIAL SAFETY,resistor,220^,AXIAL,,500,,220^_0805,RESC2012X65,,,12497,26,low,72
330^_0805,RSM0161,330^ 1/4W 5% 1206,resistor,330^,1206,,500,,330^_0805,RESC2012X65,,,12497,26,low,12
22PF_0603,CSM0139,22pF 50V NPO 5% 0603,capacitor,22PF,0603,,250,,22PF_0603,CAPC1608X85,,,12428,60,high,2
GP_1000V_1A_SOD-123F,DSM0023,Zener Diode 12V 1/2W SOD123,diode,,SOD-123F,,500,,GP_1000V_1A_SOD-123F,SOD-123F,,,12422,18,medium,13
LED_RED_0805,L0002A,LED T1-3/4 RED LF,led,RED,LEDC2012X110N_B,,250,,LED_RED_0805,LEDC2012X110N_B,,,12330,43,medium,62
10K_0603,R0215,10K 0.5% 25 ppm  1/4 w,resistor,10K,RESC1608X60,,500,,10K_0603,RESC1608X60,,,12180,27,low,400
100^_0603,R0114,100^  5%  0.50W,resistor,100^,RESC1608X60,,500,,100^_0603,RESC1608X60,,,11904,27,low,140
10UF_1206_10%_25V,C0141,10uF  electrolytic  400V 20%,capacitor,10UF,CAPC3216X135,,250,,10UF_1206_10%_25V,CAPC3216X135,,,11824,33,low,10
L0074,L0074,RottndogAlphaNumerics CUST SUP,led,,L0074,,1000,,L0074,L0074,,,11480,15,high,32
1N5407-T,D0026,1N5407-T,diode,,DO-201AD,,500,,1N5407-T,DO-201AD,,,11240,25,medium,16
330^_AXIAL,R0116,330^ 5% 0.25W AXIAL LF,resistor,330^,AXIAL,,250,,330^_AXIAL,SFR16S,,,11237,55,high,1
330^_0805,RSM0100,330^ 1/8W 1% 0805,resistor,330^,0805,,250,,330^_0805,RESC2012X65,,,10301,56,high,12
L0075,L0075,Rottendog Amusements 7 seg dis,led,,L0075,,500,,L0075,L0075,,,10225,17,high,13
100UF_35V_ALE,CSM0100,CAP ALE 100UF 35V 20% SMD,capacitor,100UF,CAPAE660X800N,,250,,100UF_35V_ALE,CAPAE660X800N,,,10212,34,low,44
0^_AXIAL,R0030,0^ 0.25W AXIAL LF,resistor,0^,AXIAL,,100,,0^_AXIAL,SFR16S,,,10154,78,high,15
10^_0603,R0103,10^ 5% 0.25W,resistor,10^,RESC1608X60,,250,,10^_0603,RESC1608X60,,,10128,36,low,38
SN74HCT240N,IC0253,"IC, 74HCT240, DIP",ic,,DIL20-LARDO,,100,,SN74HCT240N,DIL20-LARDO,,,9640,70,medium,4
ICSM0196,ICSM0196,Optotriac No ZC,ic,,ICSM0196,,250,,ICSM0196,ICSM0196,,,9404,42,high,1
470^_0603,RSM0155,470^ 1/10W 1% 0603,resistor,470^,0603,,500,,470^_0603,RESC1608X60,,,9347,20,high,18
3.3K_0603,RSM0139,3.3K 1/10W 1% 0603,resistor,3.3K,0603,,500,,3.3K_0603,RESC1608X60,,,8756,20,high,10
1.2K_1W_AXIAL,R0095,1.2K 5% 0.25W AXIAL LF,resistor,1.2K,AXIAL,,250,,1.2K_1W_AXIAL,SFR16S,,,8720,31,high,1
10M_0805_1%,RSM0073,RES 10M 1/8W 1% 0805,resistor,10M,0805,,100,,10M_0805_1%,RESC2012X65,,,8258,68,medium,3
10UF_1206_10%_25V,CSM0202,10uF 35V X5R 1206,capacitor,10UF,1206,,500,,10UF_1206_10%_25V,CAPC3216X135,,,8240,11,high,10
MOC3052SM,IC0042,MOC3010M,ic,,6-SMD,,250,,MOC3052SM,6-SMD,,,7889,34,medium,28
47UF_25V_RAD,CSM0094,CAP ALE 47uF 50V 10mm S/M,capacitor,47UF,UVR1E470MDD,,500,,47UF_25V_RAD,UVR1E470MDD,,,7655,18,low,1
150^_0603,RSM0131,RES 150 OHM 1/10W 1% 0603 SMD,resistor,150^,0603,,250,,150^_0603,RESC1608X60,,,7459,32,high,111
SN74HCT244N,IC0014,IC SN74HCT244N,ic,,DIL20-LARDO,,250,,SN74HCT244N,DIL20-LARDO,,,7348,41,medium,3
27K_0805_0.125W,RSM0033,27K 5% 1/8W 0805,resistor,27K,0805,,250,,27K_0805_0.125W,RESC2012X65,,,7286,25,high,11
140K_0603,RSM0265,140K 1% 1/10W 0603,resistor,140K,0603,,250,,140K_0603,RESC1608X60,,,6840,19,high,5
1UF_0603,CSM0158,1uF 25V X7R 0603,capacitor,1UF,0603,,250,,1UF_0603,CAPC1608X85,,,6674,34,medium,18
2.2K_0805,RSM0136,2.2K 1/8W 1% 0805,resistor,2.2K,0805,,500,,2.2K_0805,RESC2012X65,,,6470,14,high,3
4.7UF_0805,CSM0092,CAP CER 4.7uF 16V Y5V 0805,capacitor,4.7UF,0805,,500,,4.7UF_0805,CAPC2012X110,,,6332,15,medium,36
470UF_35V_RAD,C0142,470uF ELECTROYLYTIC 35V 20%,capacitor,470UF,WCAP-ATG5_10X16(DXL),,100,,470UF_35V_RAD,WCAP-ATG5_10X16(DXL),,,6324,53,low,4
100UF_35V_ALE,C0010,100UF 25V ALE AXIAL LF,capacitor,100UF,AXIAL,,100,,100UF_35V_ALE,CAPAE660X800N,,,6278,48,low,44
LED_RED_0805,L0060,LOW PROF DISCRETE RED LF,led,RED,LEDC2012X110N_B,,500,,LED_RED_0805,LEDC2012X110N_B,,,6267,12,medium,62
MOC3063SR2M,IC0257,Optical Triac Driver MOC3063,ic,,IC_6-SMD,,250,,MOC3063SR2M,IC_6-SMD,,,5952,33,medium,18
2.2UF_0603,CSM0171,2.2uF 50V X5R 0603,capacitor,2.2UF,0603,,250,,2.2UF_0603,CAPC1608X85,,,5900,21,high,34
L,TSM0016,IRLML6402TRPBF,transistor,,INDC1608X95N-IPC,,500,,L,INDC1608X95N-IPC,,,5832,14,medium,2
220^_0805,R0122,220^ 5% 0.25W AXIAL LF,resistor,220^,AXIAL,,100,,220^_0805,RESC2012X65,,,5780,54,low,72
27K_0805_0.125W,RSM0060,RES 27k 1/8W 5% 0805,resistor,27K,0805,,250,,27K_0805_0.125W,RESC2012X65,,,5681,30,high,11
ULN2803A,IC0006,ULN2803A OR E-ULN2803A,ic,,DIL18,,100,,ULN2803A,DIL18,,,5573,67,medium,3
FT232RL-REEL,ICSM0113,FT232RL USB-UART Converter IC,ic,,SOP65P780X200-28N,,100,,FT232RL-REEL,SOP65P780X200-28N,,,5452,43,medium,4
4.02K_0603,R0216,4.02K 1.O% 1/4W 50PPM AXLF,resistor,4.02K,RESC1608X60,,100,,4.02K_0603,RESC1608X60,,,5403,39,low,7
MOC3052SM,IC0089,MOC3052,ic,,6-SMD,,500,,MOC3052SM,6-SMD,,,5208,7,medium,28
0.22UF_0603,C0128,0.22UF 630V Film Radial LF,capacitor,0.22UF,CAPC1608X85,,250,,0.22UF_0603,CAPC1608X85,,,5192,26,low,2
PIC24FJ64GA306,ICSM0165,PIC24FJ128GA306-I/PT,ic,,TQFP64-10X10,,100,,PIC24FJ64GA306,TQFP64-10X10,,,5064,36,medium,2
100^_0805,RSM0050,0^ 2.5A 0805,resistor,0^,0805,,100,,100^_0805,RESC2012X65,,,5051,31,medium,2
2.7K_0603,R0049,2.7K 5% 0.25W AXIAL LF,resistor,2.7K,AXIAL,,250,,2.7K_0603,RESC1608X60,,,5048,25,low,31
4.7K_0603,RSM0162,RES 4.7K 1W 5% 2512,resistor,4.7K,2512,,2500,,4.7K_0603,RESC1608X60,,,4950,2,low,28
5.1K_0603,RSM0252,5.1K 1% 1/10W 0603,resistor,5.1K,0603,,250,,5.1K_0603,RESC1608X60,,,4910,20,high,19
GP_1000V_1A_SOD-123F,DSM0034,1kV 1A  SOD123F,diode,,SOD-123F,,250,,GP_1000V_1A_SOD-123F,SOD-123F,,,4796,13,medium,13
RGSM0003,RGSM0003,LM317D2TR4G ADJUSTABLE,ic-regulator,,D2PAK,,100,,RGSM0003,D2PAK,,,4744,29,high,1
10UF_1206_10%_25V,CSM0076,10UF 16V ALE,capacitor,10UF,CAPC3216X135,,250,,10UF_1206_10%_25V,CAPC3216X135,,,4655,14,low,10
20K_AXIAL,R0043,RES 20K 5% 0.25W,resistor,20K,SFR16S,,500,,20K_AXIAL,SFR16S,,,4588,7,low,7
100NF_0805,CSM0053,SMCP 100NF 50V 20% 0,capacitor,100NF,CAPC2012X110,,1000,,100NF_0805,CAPC2012X110,,,4500,3,low,12
L,IC0086,"IC LM258P OP-AMP, DU",ic,,INDC1608X95N-IPC,,100,,L,INDC1608X95N-IPC,,,4060,27,medium,2
100^_0603,R0214,100^  0.5%  25PPM  1/4W,resistor,100^,RESC1608X60,,100,,100^_0603,RESC1608X60,,,4060,27,low,140
10K_0603,R0304,"RES 10K, 5W, WIREWOUND POT",resistor,10K,RESC1608X60,,100,,10K_0603,RESC1608X60,,,4060,31,low,400
15K_0805_0.1%,RSM0078,RES 15K 1/8W 1% 0805,resistor,15K,0805,,250,,15K_0805_0.1%,RESC2012X65,,,4049,18,high,2
27K_AXIAL,R0050,27K 5% 1/4W AXIAL LF,resistor,27K,AXIAL,,100,,27K_AXIAL,SFR16S,,,4030,39,high,3
150PF_0805,CSM0103,150pF 2kV 10% X7R 1808,capacitor,150PF,CAPC2012X110,,250,,150PF_0805,CAPC2012X110,,,4000,11,low,4
2N7002,TSM0004,TSM 2N7002 FET N 60V SOT23,transistor,,SOT23-FET,,100,,2N7002,SOT23-FET,,,3868,23,medium,6
SN74HCT08DRE4,IC0015,IC SN74HCT374N,ic,,IC_14-SOIC,,100,,SN74HCT08DRE4,IC_14-SOIC,,,3750,28,medium,4
1.62K_0805_0.1%,RSM0044,1.62K 1% 1/8W 0805,resistor,1.62K,0805,,100,,1.62K_0805_0.1%,RESC2012X65,,,3719,25,medium,30
PIC18F26K22-I/SS,ICSM0129,PIC18F26K22-I/SS,ic,,FLASH_28-SSOP,,100,,PIC18F26K22-I/SS,FLASH_28-SSOP,,,3608,49,medium,9
SN74HCT08DRE4,ICSM0139,SN74HCT08DR 4C-AND Gate SOIC14,ic,,IC_14-SOIC,,250,,SN74HCT08DRE4,IC_14-SOIC,,,3500,12,medium,4
750^_0805,RSM0291,750^ 1% 1/10W 0603,resistor,750^,0603,,250,,750^_0805,RESC2012X65,,,3460,13,low,2
FOD817ASD,ICSM0123,FOD817ASD OPTOISOLATOR,ic,,IC_4-SMD,,250,,FOD817ASD,IC_4-SMD,,,3388,12,medium,8
2.7K_0603,RSM0152,2.7K 1/10W 1% 0603,resistor,2.7K,0603,,250,,2.7K_0603,RESC1608X60,,,3387,17,high,31
1UF_50V_AXIAL,C0148,1uF 50V 20% cap axial ceramic,capacitor,1UF,AXIAL,,100,,1UF_50V_AXIAL,C410,,,3300,30,high,1
100UF_1206_6.3V,CSM0173,100uF 6.3V 20% 1206,capacitor,100UF,1206,,100,,100UF_1206_6.3V,WCAP-CSMH_1206_H1.6_R,,,3300,34,high,28
10^_0603,RSM0253,10^ 1% 1/8W 0603,resistor,10^,0603,,250,,10^_0603,RESC1608X60,,,3280,10,high,38
VREG_SOT23-5,TSM0009,MOSFET PCH 20V 1.8A SOT23,transistor,,SOT23-5,,250,,VREG_SOT23-5,SOT23-5,,,3174,17,medium,2
8.2K_0603,R0131,8.2K  5%  0.25W,resistor,8.2K,RESC1608X60,,250,,8.2K_0603,RESC1608X60,,,3080,16,low,5
F0044,F0044,PolySwitch 0.75A 250V LVR075S,fuse,,V0020,,100,,F0044,V0020,,,3067,39,high,1
8.2K_0805,RSM0110,RES 8.2k 1% 1/8W 0805,resistor,8.2K,0805,,250,,8.2K_0805,RESC2012X65,,,3062,16,high,4
LED_RED_0805,LSM0043,RED CLEAR 0603 1.75V,led,RED,0603,,100,,LED_RED_0805,LEDC2012X110N_B,,,3058,26,medium,62
100K_AXIAL,R0109,100K 5% 0.25W AXIAL LF,resistor,100K,AXIAL,,250,,100K_AXIAL,SFR16S,,,3000,15,high,7
220UF_16V,C0127,220 uF  35V  Electrolytic Cap.,capacitor,220UF,CAPAE660X800N,,100,,220UF_16V,CAPAE660X800N,,,2608,18,low,16
33^_5W_FUSIBLE,R0334,"33,5W,5%, AC05000003309JAC00",resistor,33^,AXIAL_0.8,,100,,33^_5W_FUSIBLE,AXIAL_0.8,,,2608,20,low,3
1K_0805_1%_0.25W,RSM0123,1k 1/4W 1% 0805,resistor,1K,0805,,250,,1K_0805_1%_0.25W,RESC2012X65,,,2514,12,medium,8
33^_5W_FUSIBLE,RSM0373,33^ 5% 1/16W 4 resistor SIP,resistor,33^,AXIAL_0.8,,250,,33^_5W_FUSIBLE,AXIAL_0.8,,,2499,7,low,3
3.6^_2512,R0331,3.6 Ohm 1 Watt 5% metal film,resistor,3.6^,RESC6332X71,,250,,3.6^_2512,RESC6332X71,,,2268,11,low,8
1M_0603_1%,R0048,1M 5% 0.25W,resistor,1M,RESC1608X60,,100,,1M_0603_1%,RESC1608X60,,,2214,22,low,26
10^_0603,RSM0042,10^ 1/8W 5% 0805,resistor,10^,0805,,100,,10^_0603,RESC1608X60,,,2089,19,low,38
120^_AXIAL,R0137,120^ 5% 0.25W LF,resistor,120^,SFR16S,,250,,120^_AXIAL,SFR16S,,,2043,9,low,39
12PF_0603,CSM0161,"12pF 5% 50V 0603 C0G, NP0",capacitor,12PF,0603,,100,,12PF_0603,CAPC1608X85,,,2036,15,high,73
27.4^_0805,RSM0070,RES 27.4^ 1/8W 1% 0805,resistor,27.4^,0805,,100,,27.4^_0805,RESC2012X65,,,2036,15,high,8
680UF_35V_ALE,CSM0153,680uF 35V ALE 20% SMD Radial,capacitor,680UF,CAPAE1030X1050N,,100,,680UF_35V_ALE,CAPAE1030X1050N,,,2000,13,low,2
SN74HCT08DRE4,IC0013,TI SN74HCT138N,ic,,IC_14-SOIC,,100,,SN74HCT08DRE4,IC_14-SOIC,,,2000,21,medium,4
TNY286DG,ICSM0221,SWITCHING PS TNY286DG-TL 8-SO,ic,,TNY268DG,,250,,TNY286DG,TNY268DG,,,2000,11,medium,2
33^_5W_FUSIBLE,R0334A,33^ 5W 5% Fusible Safety,resistor,33^,AXIAL_0.8,,100,,33^_5W_FUSIBLE,AXIAL_0.8,,,2000,15,low,3
1UF_0805_20%,CSM0105,CAP Ceramic 1uF 50V 0805,capacitor,1UF,0805,,100,,1UF_0805_20%,CAPC2012X110,,,1995,12,high,2
10UF_1206_10%_25V,C0149,10 uF 160V 20% RADIAL ALUM,capacitor,10UF,CAPC3216X135,,100,,10UF_1206_10%_25V,CAPC3216X135,,,1950,14,low,10
22UF_1206_10V,CSM0178,22uF 25V 10% 1210 X7R,capacitor,22UF,1210,,100,,22UF_1206_10V,WCAP-CSMH_1206_H1.6_R,,,1920,15,low,38
SBD_40V_200MA,DSM0056,SCHOTTKY 30V 200mA SOD323,diode,,SOD-523/0603,,250,,SBD_40V_200MA,SOD-523/0603,,,1920,6,medium,6
10M_0603,RSM0202,10M 1% 1/10W 0603,resistor,10M,0603,,250,,10M_0603,RESC1608X60,,,1920,6,high,1
10M_0805_1%,RSM0363,10m^ 1% 1W 1206 Wide,resistor,10M,1206,,250,,10M_0805_1%,RESC2012X65,,,1920,6,low,3
"74HCT4094D,112",IC0255,"IC, 74HCT245, DIP",ic,,16-SOIC,,100,,"74HCT4094D,112",16-SOIC,,,1900,37,medium,1
FOD817ASD,ICSM0155,IC Optocoupler FOD817DS 300%,ic,,IC_4-SMD,,250,,FOD817ASD,IC_4-SMD,,,1870,8,medium,8
PIC24FJ64GA306,ICSM0091,PIC24FJ64GA006-I/PT,ic,,TQFP64-10X10,,100,,PIC24FJ64GA306,TQFP64-10X10,,,1866,28,medium,2
22PF_100V_AXIAL,CSM0048,22pF 50V 5% 0805 NP0,capacitor,22PF,0805,,100,,22PF_100V_AXIAL,C410,,,1848,26,low,4
22UF_1206_10V,CSM0150,CAP Ceram 22uF 25V 1206,capacitor,22UF,1206,,100,,22UF_1206_10V,WCAP-CSMH_1206_H1.6_R,,,1822,17,medium,38
10M_0805_1%,RSM0034,10M 1/10W 0805 5%,resistor,10M,0805,,100,,10M_0805_1%,RESC2012X65,,,1799,23,medium,3
10UF_1206_10%_25V,CSM0098,TANT 10UF 20V 10%  2413,capacitor,10UF,CAPC3216X135,,100,,10UF_1206_10%_25V,CAPC3216X135,,,1797,13,low,10
10UF_0805,CSM0214,10uF 16V X7R 0805,capacitor,10UF,0805,,250,,10UF_0805,CAPC2012X110,,,1785,7,high,9
L,D0051,MUR120RLG,diode,,INDC1608X95N-IPC,,100,,L,INDC1608X95N-IPC,,,1775,19,medium,2
MMBT2907ALT1,TSM0006,MMBT2907ALT1 Lead Free,transistor,,SOT23,,100,,MMBT2907ALT1,SOT23,,,1759,20,medium,2
49.9^_0805,RSM0071,RES 49.9^ 1/8W 1% 0805,resistor,49.9^,0805,,500,,49.9^_0805,RESC2012X65,,,1728,4,high,64
ATMEGA328-AUR,ICSM0193,ATMEGA328 8-BIT 32KB FLASH 32P,ic,,FLASH_32-TQFP,,100,,ATMEGA328-AUR,FLASH_32-TQFP,,,1670,24,medium,2
47K_0603,R0072,47K 5% 0.25W CARBON FILM,resistor,47K,RESC1608X60,,100,,47K_0603,RESC1608X60,,,1668,14,low,4
LED_RED_0805,LSM0036,Red 2V 5mA 26.05mcd 0603,led,RED,0603,,100,,LED_RED_0805,LEDC2012X110N_B,,,1665,14,medium,62
SBD_40V_200MA,DSM0064,Schottky 40V 200mA 0603,diode,,0603,,250,,SBD_40V_200MA,SOD-523/0603,,,1602,7,medium,6
ATMEGA328-AUR,ICSM0076,ATMEGA16-16AU 44PIN TQFP LF,ic,,FLASH_32-TQFP,,100,,ATMEGA328-AUR,FLASH_32-TQFP,,,1597,15,medium,2
GP_1000V_1A_SOD-123F,DSM0020,Zener Diode 36V 1/2W SOD123,diode,,SOD-123F,,100,,GP_1000V_1A_SOD-123F,SOD-123F,,,1531,16,medium,13
330^_0805,R0145,"RES 330^, 5%, 5W, Wirewound",resistor,330^,RESC2012X65,,100,,330^_0805,RESC2012X65,,,1531,16,low,12
43^_0805,RSM0113,RES 43R 1% 1/8W 0805,resistor,43^,0805,,100,,43^_0805,RESC2012X65,,,1531,16,high,132
1K_0805_1%_0.25W,RSM0148,"1K,.1%,1/8W,0805",resistor,1K,0805,,250,,1K_0805_1%_0.25W,RESC2012X65,,,1512,5,medium,8
PIC16F1513-I-SO,IC0224,IC PIC16F873-04I/SP,ic,,MICROCHIP_PIC16F1513-I-SO_2,,100,,PIC16F1513-I-SO,MICROCHIP_PIC16F1513-I-SO_2,,,1500,15,medium,2
MAX6970AAE+,IC0225,IC MAX6971ANG+,ic,,21-0056C_16_MXM-M,,100,,MAX6970AAE+,21-0056C_16_MXM-M,,,1500,17,medium,1
C0176,C0176,CAP 1000uF 50V Radial ALE,capacitor,1000UF,C0176,,250,,C0176,C0176,,,1430,6,high,1
10000PF_50V_AXL,CSM0215,10000pF 50V X7R 0805,capacitor,10000PF,0805,,250,,10000PF_50V_AXL,A103K15X7RF5TAA,,,1428,7,low,18
L,IC0246,LM2574N-5G SWITCHING REGULATOR,ic,,INDC1608X95N-IPC,,100,,L,INDC1608X95N-IPC,,,1416,15,medium,2
680^_2512,R0333,"680 Ohm, 1W, 5%, Metal Film",resistor,680^,RESC6332X71,,100,,680^_2512,RESC6332X71,,,1401,14,low,3
22PF_100V_AXIAL,C0146,22 pF 5% 100V cap axial,capacitor,22PF,AXIAL,,100,,22PF_100V_AXIAL,C410,,,1400,13,high,4
100UF_35V_ALE,C0150,100 uF 160V 20% RAD ALUM,capacitor,100UF,CAPAE660X800N,,100,,100UF_35V_ALE,CAPAE660X800N,,,1400,14,low,44
100UF_35V_ALE,C0055,100uF 50V A/E,capacitor,100UF,CAPAE660X800N,,100,,100UF_35V_ALE,CAPAE660X800N,,,1372,17,low,44
SBD_40V_200MA,DSM0095,Gen Purp 75V 200mA SOD323,diode,,SOD-523/0603,,250,,SBD_40V_200MA,SOD-523/0603,,,1357,7,medium,6
47UF_25V_RAD,C0172,47uF 400V Electrolytic Cap,capacitor,47UF,UVR1E470MDD,,250,,47UF_25V_RAD,UVR1E470MDD,,,1350,5,low,1
PIC24FJ64GA306,ICSM0148,PIC24FJ64GA306-I/PT,ic,,TQFP64-10X10,,100,,PIC24FJ64GA306,TQFP64-10X10,,,1296,10,medium,2
47UF_25V_RAD,CSM0108,47uF 50V 6.3mm Alum Elec,capacitor,47UF,UVR1E470MDD,,250,,47UF_25V_RAD,UVR1E470MDD,,,1280,6,low,1
680^_2512,RSM0340,680^ 1% 2W 2512,resistor,680^,2512,,250,,680^_2512,RESC6332X71,,,1280,5,high,3
3.3K_0603,R0018,3.3K 5% 0.25W,resistor,3.3K,RESC1608X60,,100,,3.3K_0603,RESC1608X60,,,1200,8,low,10
53.6K_0603,RSM0342,53.6K 1% 1/10W 0603,resistor,53.6K,0603,,100,,53.6K_0603,RESC1608X60,,,1060,7,high,5
86.6K_0805,RSM0103,RES 86.6k 1% 1/8W 0805,resistor,86.6K,0805,,500,,86.6K_0805,RESC2012X65,,,1044,2,high,2
RP2040,ICSM0300,ARM Cortex M0+ 32B RP2040,ic,,QFN40P700X700X90-57N,,100,,RP2040,QFN40P700X700X90-57N,,,1018,15,medium,5
1UF_0603,CSM0114,1uF Ceramic 16V 0603,capacitor,1UF,0603,,1000,,1UF_0603,CAPC1608X85,,,1000,1,medium,18
10UF_1206_10%_25V,CSM0227,10uF 35V 10% 2312 Tantalum,capacitor,10UF,CAPC3216X135,,1000,,10UF_1206_10%_25V,CAPC3216X135,,,1000,1,low,10
DUAL_50V_100MA,ICSM0301,LED Drvr 100mA shift register,ic,,SOT23-DOUBLEANODE,,250,,DUAL_50V_100MA,SOT23-DOUBLEANODE,,,1000,4,medium,1
2.2K_0805,RSM0402,2.2K 1/4W 1% 0805,resistor,2.2K,0805,,1000,,2.2K_0805,RESC2012X65,,,1000,1,high,3
22K_AXIAL,R0294,22K  5%  3W Metal Oxide,resistor,22K,SFR16S,,100,,22K_AXIAL,SFR16S,,,973,9,low,2
4.7K_0603,RSM0230,4.7K 1% 1/10W 0603,resistor,4.7K,0603,,250,,4.7K_0603,RESC1608X60,,,965,5,high,28
100PF_0603,CSM0159,"100pF 50V 1% 0603 C0G, NP0",capacitor,100PF,0603,,100,,100PF_0603,CAPC1608X85,,,960,6,high,25
2.2UF_0805_10%_50V,CSM0194,2.2uF 50V X5R 0805,capacitor,2.2UF,0805,,100,,2.2UF_0805_10%_50V,CAPC2012X110,,,960,6,high,4
10^_0603,RSM0209,10^ 1% .4W 0805,resistor,10^,0805,,100,,10^_0603,RESC1608X60,,,960,6,low,38
2^_0603,RSM0345,2^ 1/4W 1% 1206,resistor,2^,1206,,100,,2^_0603,RESC1608X60,,,960,6,low,14
1M_AXIAL,R0062,1M 1% 0.25W AXIAL LF,resistor,1M,AXIAL,,100,,1M_AXIAL,SFR16S,,,943,9,high,2
220K_0805,R0326,220K 3W 5% Metal Film,resistor,220K,RESC2012X65,,100,,220K_0805,RESC2012X65,,,918,8,low,1
1UF_0805_20%,CSM0087,CAP 1UF 16V CERAMIC X7R 0805,capacitor,1UF,0805,,100,,1UF_0805_20%,CAPC2012X110,,,909,14,high,2
30K_0603,RSM0198,30k 1% 2W 2512,resistor,30K,2512,,100,,30K_0603,RESC1608X60,,,906,13,low,12
3.6^_2512,RSM0250,3.6^ 1% 1/2W 1206,resistor,3.6^,1206,,250,,3.6^_2512,RESC6332X71,,,900,3,low,8
10^_0603,RSM0235,RES 10R 1/2W 1% 1206,resistor,10^,1206,,100,,10^_0603,RESC1608X60,,,880,10,low,38
VREG_SOT23-5,TSM0012,MOSFET N CH 20V LOW VG SOT23,transistor,,SOT23-5,,500,,VREG_SOT23-5,SOT23-5,,,870,2,medium,2
22UF_1206_10V,CSM0079,22UF 6.3V ALE,capacitor,22UF,WCAP-CSMH_1206_H1.6_R,,100,,22UF_1206_10V,WCAP-CSMH_1206_H1.6_R,,,868,7,low,38
15K_0805_0.1%,RSM0143,15K 0.1% 1/8W 0805,resistor,15K,0805,,100,,15K_0805_0.1%,RESC2012X65,,,868,7,high,2
GP_1000V_1A_SOD-123F,DSM0015,DIODE SCHOTTKY 20V 0.5A SOD123,diode,,SOD-123F,,100,,GP_1000V_1A_SOD-123F,SOD-123F,,,851,17,medium,13
LCD0017,LCD0017,12x2 Character display,other,,LCD0017,,100,,LCD0017,LCD0017,,,851,16,high,1
1000PF_0603,CSM0189,1000pF 5% 100V X7R 0603,capacitor,1000PF,0603,,100,,1000PF_0603,CAPC1608X85,,,840,15,high,30
10UF_1206_10%_25V,C0011,10uF 35V ALE AXIAL LF,capacitor,10UF,AXIAL,,100,,10UF_1206_10%_25V,CAPC3216X135,,,823,7,low,10
47UF_25V_RAD,C0126,CAP 47UF 16V 20% RADIAL A/E,capacitor,47UF,UVR1E470MDD,,100,,47UF_25V_RAD,UVR1E470MDD,,,815,22,low,1
PIC18F46K22-I/PT,ICSM0149,PIC18F46K22-I/PT,ic,,FLASH_44TQFP,,100,,PIC18F46K22-I/PT,FLASH_44TQFP,,,804,11,medium,1
VREG_SOT23-5,ICSM0218,Temperature Sens Linear SOT23,ic,,SOT23-5,,100,,VREG_SOT23-5,SOT23-5,,,804,13,medium,2
100PF_50V_AXIAL,C0133,100PF 50V AXIAL CERAMIC,capacitor,100PF,AXIAL,,100,,100PF_50V_AXIAL,C410,,,800,13,high,2
680^_2512,RSM0248,0^ 1W 2512,resistor,0^,2512,,250,,680^_2512,RESC6332X71,,,800,3,medium,3
24AA02E48T-I/OT,ICSM0159,24AA02E48 256B EEP w/ MAC ADDR,ic,,SOT-23-5,,100,,24AA02E48T-I/OT,SOT-23-5,,,746,8,medium,1
15K_0805_0.1%,R0070,15K 1% 1/4W AXIAL LF,resistor,15K,AXIAL,,250,,15K_0805_0.1%,RESC2012X65,,,740,4,low,2
74HC238,IC0285,"IC, 74HC240N, 20 PIN DIP",ic,,DIL16-LARDO,,100,,74HC238,DIL16-LARDO,,,700,16,medium,2
LED_RED_0805,L0077,FYS-8019AUR-11 (Red),led,RED,LEDC2012X110N_B,,250,,LED_RED_0805,LEDC2012X110N_B,,,700,2,medium,62
LED_RED_0805,L0080,FYS-8017CUR-11 (Red),led,RED,LEDC2012X110N_B,,250,,LED_RED_0805,LEDC2012X110N_B,,,700,2,medium,62
12PF_0603,CSM0145,12pF 50V NPO 0402,capacitor,12PF,0402,,250,,12PF_0603,CAPC1608X85,,,696,3,low,73
220^_0603,RSM0156,220^ 1/10W 1% 0603,resistor,220^,0603,,100,,220^_0603,RESC1608X60,,,630,10,high,6
4.7UF_0805,CSM0217,Capacitor Ceramic 4.7uF 0603,capacitor,4.7UF,0603,,250,,4.7UF_0805,CAPC2012X110,,,600,2,low,36
1K_0603,R0314,"RES 1K OHM,1WATT5%**SEE OBS**",resistor,1K,RESC1608X60,,500,,1K_0603,RESC1608X60,,,600,1,low,215
1M_0603_1%,RSM0366,1M^ 1% 1/10W 0603,resistor,1M,0603,,100,,1M_0603_1%,RESC1608X60,,,594,15,medium,26
75K_0603,RSM0267,75K 1% 1/10W 0603,resistor,75K,0603,,100,,75K_0603,RESC1608X60,,,544,6,high,3
7.15K_0805_0.1%,RSM0293,7.15K 0.1% 1/8W 0805,resistor,7.15K,0805,,100,,7.15K_0805_0.1%,RESC2012X65,,,504,5,high,1
220K_0805,RSM0294,220K 1% 1/8W 0805,resistor,220K,0805,,100,,220K_0805,RESC2012X65,,,504,5,high,1
470UF_35V_RAD,C0138,CAP 470uF 50V Radial ALE,capacitor,470UF,WCAP-ATG5_10X16(DXL),,100,,470UF_35V_RAD,WCAP-ATG5_10X16(DXL),,,500,5,low,4
PIC24FJ64GA306,ICSM0134,PIC24FJ128GB106-I/PT,ic,,TQFP64-10X10,,100,,PIC24FJ64GA306,TQFP64-10X10,,,500,9,medium,2
120^_0805,RSM0138,120^ 1/8W 1% 0805,resistor,120^,0805,,100,,120^_0805,RESC2012X65,,,486,13,high,6
165^_1206,RSM0289,165^ 1% 1/4W 0805,resistor,165^,0805,,100,,165^_1206,RESC3216X70,,,475,5,low,29
75^_0805,RSM0199,75^ 1% 3W 2512,resistor,75^,2512,,100,,75^_0805,RESC2012X65,,,456,4,low,29
PIC24FJ64GA306,ICSM0115,PIC24FJ256GB106-I/PT,ic,,TQFP64-10X10,,100,,PIC24FJ64GA306,TQFP64-10X10,,,455,7,medium,2
1000UF_50V_RAD,C0131,1000uF 35V Rad ALE,capacitor,1000UF,RADIAL0.4_POL,,100,,1000UF_50V_RAD,RADIAL0.4_POL,,,450,5,low,3
SN74HCT08DRE4,IC0299,SN74HCT00N,ic,,IC_14-SOIC,,100,,SN74HCT08DRE4,IC_14-SOIC,,,450,6,medium,4
15K_0805_0.1%,RSM0056,15k 1/8W 1% 0805,resistor,15K,0805,,100,,15K_0805_0.1%,RESC2012X65,,,442,6,high,2
220^_0805,R0132,RES 220^ 5% 0.50W,resistor,220^,RESC2012X65,,100,,220^_0805,RESC2012X65,,,440,9,low,72
0.3^_0805,RSM0105,RES 0.3R 1% 1/4W 0805,resistor,0.3^,0805,,100,,0.3^_0805,RESC2012X65,,,440,6,high,1
10UF_1206_10%_25V,CSM0086,10uF 16V Tantalum LESR 3216,capacitor,10UF,CAPC3216X135,,100,,10UF_1206_10%_25V,CAPC3216X135,,,400,5,low,10
1UF_0603,CSM0118,.1uF 25V X7R 1206,capacitor,1UF,1206,,500,,1UF_0603,CAPC1608X85,,,400,1,low,18
"74HC164D,653",IC0272,74HC161N  COUNTER 44MHZ DIP 16,ic,,SOIC127P600X175-14N,,100,,"74HC164D,653",SOIC127P600X175-14N,,,400,5,medium,4
ATMEGA328P-32,ICSM0282,ATMEGA328PB-AUR,ic,,VQFN32,,100,,ATMEGA328P-32,VQFN32,,,400,6,medium,1
TCST1103,IC0309,TCST1103,ic,,TCST1103,,250,,TCST1103,TCST1103,,,384,2,medium,5
LED_RED_0805,LSM0050,Red 2V 20mA 54mcd 0603,led,RED,0603,,100,,LED_RED_0805,LEDC2012X110N_B,,,377,8,medium,62
20K_AXIAL,R0228,20K 1% 0.25W,resistor,20K,SFR16S,,100,,20K_AXIAL,SFR16S,,,374,5,low,7
22UF_0805,CSM0151,22uF 35V 20% 0805,capacitor,22UF,0805,,250,,22UF_0805,CAPC2012X110,,,360,2,high,7
100UF_35V_ALE,CSM0216,100uF 10V 20% Aluminum,capacitor,100UF,CAPAE660X800N,,100,,100UF_35V_ALE,CAPAE660X800N,,,357,7,low,44
SBD_20V_500MA,DSM0093,Schottky 40V 500mA SOD123,diode,,SODFL3718X115,,100,,SBD_20V_500MA,SODFL3718X115,,,357,5,medium,6
VREG_SOT23-5,ICSM0317,LED Drvr Regulator PWM SOT23-5,ic,,SOT23-5,,100,,VREG_SOT23-5,SOT23-5,,,357,7,medium,2
SBD_40V_200MA,TSM0126,N-CH GET 50V 200mA 3.5SO SOT23,transistor,,SOD-523/0603,,100,,SBD_40V_200MA,SOD-523/0603,,,357,5,medium,6
1N5819HW-7-F,D0002,1N5819,diode,,SODFL3718X115,,100,,1N5819HW-7-F,SODFL3718X115,,,356,9,medium,7
22UF_1206_10V,CSM0091,CAP ALE 22uF 16V 5mm,capacitor,22UF,WCAP-CSMH_1206_H1.6_R,,100,,22UF_1206_10V,WCAP-CSMH_1206_H1.6_R,,,348,2,low,38
1000PF_0603,CSM0144,1000pF 16V X7R 0402,capacitor,1000PF,0402,,100,,1000PF_0603,CAPC1608X85,,,348,3,low,30
1PF_0402,CSM0146,1pF 50V NPO 0402,capacitor,1PF,0402,,100,,1PF_0402,RESC1005X40,,,348,3,high,1
2200PF_0603,CSM0148,2200pF 50V X7R 0402,capacitor,2200PF,0402,,100,,2200PF_0603,CAPC1608X85,,,348,3,low,17
GP_1000V_1A_SOD-123F,DSM0024,DIODE SCHOTTKY 30V 2A SOD123,diode,,SOD-123F,,100,,GP_1000V_1A_SOD-123F,SOD-123F,,,348,2,medium,13
LED_RED_0805,LSM0031,Red 0603,led,RED,0603,,100,,LED_RED_0805,LEDC2012X110N_B,,,348,3,medium,62
680^_2512,R0039,680^ 5% 0.25W AXIAL LF,resistor,680^,AXIAL,,100,,680^_2512,RESC6332X71,,,320,6,low,3
SN74HC574N,IC0287,SN74HC574N,ic,,DIL20-LARDO,,100,,SN74HC574N,DIL20-LARDO,,,300,3,medium,2
62^_AXIAL,R0008,62^ 5% 0.25W,resistor,62^,SFR16S,,250,,62^_AXIAL,SFR16S,,,300,1,low,1
100K_0603,R0061,100K 1% 0 25W M,resistor,100K,RESC1608X60,,100,,100K_0603,RESC1608X60,,,300,3,low,65
9.09K_0805,RSM0234,9.09K 1% 1/10W 0603,resistor,9.09K,0603,,100,,9.09K_0805,RESC2012X65,,,280,5,low,1
75^_0805,RSM0381,75^ 1% 1/10W 0603,resistor,75^,0603,,100,,75^_0805,RESC2012X65,,,280,5,low,29
10M_0805_1%,R0074,10M 5% 0.25W AXIAL LF,resistor,10M,AXIAL,,100,,10M_0805_1%,RESC2012X65,,,266,8,low,3
VREG_SOT23-5,DSM0029,DIODE SWITCHING 75V .2A SOT23,diode,,SOT23-5,,100,,VREG_SOT23-5,SOT23-5,,,250,6,medium,2
LED_RED_0805,LLF0075,LED IND 5MM RED/GRN WHT DIFF,led,RED,LEDC2012X110N_B,,100,,LED_RED_0805,LEDC2012X110N_B,,,250,6,medium,62
VREG_SOT23-5,TSM0018,Transistor NPN 65V .1A SOT23,transistor,,SOT23-5,,100,,VREG_SOT23-5,SOT23-5,,,250,6,medium,2
10UF_1206_10%_25V,CSM0155,10uF 25V X5R 10% 1206,capacitor,10UF,1206,,100,,10UF_1206_10%_25V,CAPC3216X135,,,217,8,high,10
PCF85063ATT/AJ,ICSM0309,PCF85063ATT/AJ,ic,,TSSOP8,,100,,PCF85063ATT/AJ,TSSOP8,,,217,8,medium,5
SBD_40V_200MA,DSM0090,Schottky 30V 200mA SC-79,diode,,SOD-523/0603,,100,,SBD_40V_200MA,SOD-523/0603,,,210,5,medium,6
22K_AXIAL,RSM0228,22K 1% 1/10W 0603,resistor,22K,0603,,100,,22K_AXIAL,SFR16S,,,210,3,low,2
100UF_35V_ALE,C0151,ALUM 100UF 63V 20% RADIAL,capacitor,100UF,CAPAE660X800N,,100,,100UF_35V_ALE,CAPAE660X800N,,,200,5,low,44
0.01UF_1210_500V,CSM0218,Capacitor Ceramic 0.01uF 0603,capacitor,0.01UF,0603,,100,,0.01UF_1210_500V,CAPC3225X135,,,200,2,low,4
VREG_SOT23-5,ICSM0318,IC LiPo Charge Mgmt SOT23-5,ic,,SOT23-5,,100,,VREG_SOT23-5,SOT23-5,,,200,2,medium,2
1K_1206,RSM0193,1K 1% 1/4W 1206,resistor,1K,1206,,250,,1K_1206,RESC3216X70,,,200,1,high,3
150PF_0805,CSM0219,150pF 50V X7R 0603,capacitor,150PF,0603,,100,,150PF_0805,CAPC2012X110,,,180,2,low,4
330PF_0805,CSM0220,330pF 50V X7R 0603,capacitor,330PF,0603,,100,,330PF_0805,CAPC2012X110,,,180,2,low,2
23.2K_0805,R0004,23.2K 1% 0.25W,resistor,23.2K,RESC2012X65,,100,,23.2K_0805,RESC2012X65,,,180,4,low,1
4.02K_0603,RSM0081,4.02K 1/8W 1% 0805 SMD,resistor,4.02K,0805,,100,,4.02K_0603,RESC1608X60,,,174,2,low,7
0.03^_2512,RSM0116,RES 3R 1W 5% 2512,resistor,3^,2512,,100,,0.03^_2512,RESC6332X71,,,174,2,medium,2
LED_RED_0805,L0068A,"Cree RED, no standoff",led,RED,LEDC2012X110N_B,,100,,LED_RED_0805,LEDC2012X110N_B,,,160,2,medium,62
3.3K_0805_1%,RSM0063,RES 3.3k 1/8W 5% 0805,resistor,3.3K,0805,,100,,3.3K_0805_1%,RESC2012X65,,,154,7,high,4
23.2K_0805,RSM0174,23.2K 1% 1/8W 0805,resistor,23.2K,0805,,100,,23.2K_0805,RESC2012X65,,,154,6,high,1
CD74HCT14E,IC0304,CD74HCT151E,ic,,DIL14-LARDO,,100,,CD74HCT14E,DIL14-LARDO,,,150,3,medium,2
"74HCT4094D,112",IC0305,"74HCT163N,652",ic,,16-SOIC,,100,,"74HCT4094D,112",16-SOIC,,,150,3,medium,1
L,IC0307,PALCE16V8-15   PAL16R4,ic,,INDC1608X95N-IPC,,100,,L,INDC1608X95N-IPC,,,150,5,medium,2
L,IC0308,PALCE16V8-15    PAL16L8,ic,,INDC1608X95N-IPC,,100,,L,INDC1608X95N-IPC,,,150,5,medium,2
8.2K_0603,RSM0233,8.2K 1% 1/10W 0603,resistor,8.2K,0603,,100,,8.2K_0603,RESC1608X60,,,150,3,high,5
LED_RED_0805,L0085,LED LO-PROFILE RED WTR CLEAR,led,RED,LEDC2012X110N_B,,100,,LED_RED_0805,LEDC2012X110N_B,,,144,4,medium,62
100UF_35V_ALE,CSM0085,100uF 10V Tantalum LESR 6032,capacitor,100UF,CAPAE660X800N,,100,,100UF_35V_ALE,CAPAE660X800N,,,130,4,low,44
L,ICSM0101,SOLOMON SYSTECH SSD1926QL9,ic,,INDC1608X95N-IPC,,100,,L,INDC1608X95N-IPC,,,130,4,medium,2
PIC24FJ64GA306,ICSM0103,IC PIC24FJ256GB110-I/PF,ic,,TQFP64-10X10,,100,,PIC24FJ64GA306,TQFP64-10X10,,,130,4,medium,2
L,ICSM0104,LM2704MF-ADJ/NOPB,ic,,INDC1608X95N-IPC,,100,,L,INDC1608X95N-IPC,,,130,4,medium,2
L,ICSM0105,ISL6292-2CR5Z-T LIPO CHARGER,ic,,INDC1608X95N-IPC,,100,,L,INDC1608X95N-IPC,,,130,4,medium,2
1.62K_0805_0.1%,R0106,1.62K 1% 0.25W,resistor,1.62K,RESC2012X65,,100,,1.62K_0805_0.1%,RESC2012X65,,,130,3,low,30
220^_0805,RSM0062,RES 20R 1/8W 5% 0805,resistor,20^,0805,,100,,220^_0805,RESC2012X65,,,130,6,medium,72
GP_1000V_1A_SOD-123F,DSM0053,Schottky 40V 2A SOD123F,diode,,SOD-123F,,100,,GP_1000V_1A_SOD-123F,SOD-123F,,,120,2,medium,13
9.09K_0805,RSM0241,9.09K 1/8W 1% 0805,resistor,9.09K,0805,,100,,9.09K_0805,RESC2012X65,,,120,2,high,1
100K_0603,RSM0394,100K 1% 1/16W 0402,resistor,100K,0402,,100,,100K_0603,RESC1608X60,,,120,1,low,65
47UF_25V_RAD,CSM0069,47UF 50V ELECT FK,capacitor,47UF,UVR1E470MDD,,100,,47UF_25V_RAD,UVR1E470MDD,,,104,6,low,1
PIC18F24J10-I/SS,ICSM0152,PIC18F24J10-I/SS-ND,ic,,FLASH_28-SSOP,,100,,PIC18F24J10-I/SS,FLASH_28-SSOP,,,104,4,medium,1
47K_0603,RSM0064,RES 47k 1/8W 5% 0805,resistor,47K,0805,,100,,47K_0603,RESC1608X60,,,104,6,low,4
ATMEGA328-AUR,IC0226,ATMEGA128-16AU MCU LF,ic,,FLASH_32-TQFP,,100,,ATMEGA328-AUR,FLASH_32-TQFP,,,100,4,medium,2
L,ICSM0169,EL1883ISZ (tube),ic,,INDC1608X95N-IPC,,100,,L,INDC1608X95N-IPC,,,100,1,medium,2
200^_0603,R0041,"200^ 5% 1/4"" AX",resistor,200^,RESC1608X60,,100,,200^_0603,RESC1608X60,,,100,2,low,4
10K_0603,R0052,RES 10K 2% 0.75W SIP,resistor,10K,RESC1608X60,,100,,10K_0603,RESC1608X60,,,100,2,low,400
2K_AXIAL,R0066,2K 1% 0.25W AXL,resistor,2K,SFR16S,,100,,2K_AXIAL,SFR16S,,,100,2,low,16
10^_0603,R0126,"10^, 5%, 5W",resistor,10^,RESC1608X60,,100,,10^_0603,RESC1608X60,,,100,2,low,38
680^_2512,R0164,680^ 5% 0.50W AXIAL LF,resistor,680^,AXIAL,,100,,680^_2512,RESC6332X71,,,100,2,low,3
0.1UF_0603_10%_16V,C0216,0.1uF 5% 630VDC Radial,capacitor,0.1UF,CAPC1608X85,,100,,0.1UF_0603_10%_16V,CAPC1608X85,,,80,4,low,253
47UF_25V_RAD,CSM0120,.47uF 25V X7R 0805,capacitor,47UF,0805,,100,,47UF_25V_RAD,UVR1E470MDD,,,80,1,low,1
L,D0086,Gen Purp 1.5A 600V DO204AL,diode,,INDC1608X95N-IPC,,100,,L,INDC1608X95N-IPC,,,80,4,medium,2
GP_1000V_1A_SOD-123F,DSM0047,SCHOTTKY 40V 1A SOD123,diode,,SOD-123F,,100,,GP_1000V_1A_SOD-123F,SOD-123F,,,80,1,medium,13
10K_0603,RSM0244,10K 1% 1/4W 1206,resistor,10K,1206,,100,,10K_0603,RESC1608X60,,,80,1,low,400
22UF_1206_10V,CSM0072,CAP TANT 22uF 25V 10% CASE D,capacitor,22UF,WCAP-CSMH_1206_H1.6_R,,100,,22UF_1206_10V,WCAP-CSMH_1206_H1.6_R,,,78,6,low,38
10UF_1206_10%_25V,CSM0073,CAP TANT 10uF 10V 10% CASE B,capacitor,10UF,CAPC3216X135,,100,,10UF_1206_10%_25V,CAPC3216X135,,,78,6,low,10
150^_0603,RSM0054,RES 150R 1W 5% 2512,resistor,150^,2512,,100,,150^_0603,RESC1608X60,,,78,6,low,111
6.8K_AXIAL,R0038,6.8K 5% 0.25W AXIAL LF,resistor,6.8K,AXIAL,,100,,6.8K_AXIAL,SFR16S,,,75,2,high,1
4.7K_0603,R0327,RES 4.7K 1W 5%metfilm SEE OBS.,resistor,4.7K,RESC1608X60,,100,,4.7K_0603,RESC1608X60,,,75,1,low,28
1UF_0603,CSM0109,CAP Ceramic 1uF 50V 1206,capacitor,1UF,1206,,100,,1UF_0603,CAPC1608X85,,,60,1,low,18
5.2K_0805,RSM0166,5.2K 1/8W 1% 0805***OBS****,resistor,5.2K,0805,,100,,5.2K_0805,RESC2012X65,,,54,3,high,1
30^_1206,RSM0223,30^ 3/4W 1% 1206,resistor,30^,1206,,100,,30^_1206,RESC3216X70,,,54,5,high,1
22UF_1206_10V,CSM0074,CAP TANT 22uF 10V 10% CASE C,capacitor,22UF,WCAP-CSMH_1206_H1.6_R,,100,,22UF_1206_10V,WCAP-CSMH_1206_H1.6_R,,,52,6,low,38
10^_0603,RSM0055,RES 10R 1W 5% 2512,resistor,10^,2512,,100,,10^_0603,RESC1608X60,,,52,6,low,38
4.7UF_0805,C0145,4.7 uf 50V 20% radial cap,capacitor,4.7UF,CAPC2012X110,,100,,4.7UF_0805,CAPC2012X110,,,50,1,low,36
4.7K_0603,R0002,RES 4.7K 2% SIP 8pin 7res,resistor,4.7K,RESC1608X60,,100,,4.7K_0603,RESC1608X60,,,46,1,low,28
15K_0805_0.1%,R0309,15K^  1%  0.25W,resistor,15K,RESC2012X65,,100,,15K_0805_0.1%,RESC2012X65,,,46,2,low,2
ATMEGA328-AUR,IC0247,IC ATMEGA48V-10PU 28PDIP,ic,,FLASH_32-TQFP,,100,,ATMEGA328-AUR,FLASH_32-TQFP,,,45,2,medium,2
PIC16F1513-I-SO,ICSM0167,PIC16F690-I/SS,ic,,MICROCHIP_PIC16F1513-I-SO_2,,100,,PIC16F1513-I-SO,MICROCHIP_PIC16F1513-I-SO_2,,,42,3,medium,2
L,ICSM0168,LM4040DEM3-5.0/NOPB,ic,,INDC1608X95N-IPC,,100,,L,INDC1608X95N-IPC,,,42,3,medium,2
8.2K_0603,RSM0365,2K 1% 1/10W 0603,resistor,2K,0603,,100,,8.2K_0603,RESC1608X60,,,42,5,medium,5
220UF_16V,C0219,220uF 20% 63V Radial,capacitor,220UF,CAPAE660X800N,,100,,220UF_16V,CAPAE660X800N,,,40,1,low,16
4.7UF_0805,CSM0160,4.7uF 25V X5R 0805,capacitor,4.7UF,0805,,100,,4.7UF_0805,CAPC2012X110,,,40,1,medium,36
22UF_1206_10V,CSM0213,22uF 35V X5R 1206,capacitor,22UF,1206,,100,,22UF_1206_10V,WCAP-CSMH_1206_H1.6_R,,,40,1,medium,38
PIC16F1513-I-SO,IC0125,IC PIC16C71-04I/P,ic,,MICROCHIP_PIC16F1513-I-SO_2,,100,,PIC16F1513-I-SO,MICROCHIP_PIC16F1513-I-SO_2,,,40,3,medium,2
100K_0603,R0408,100K 1/2W Linear SPST,resistor,100K,RESC1608X60,,100,,100K_0603,RESC1608X60,,,40,4,low,65
100K_AXIAL,R0411,100K 1% 2W Axial,resistor,100K,AXIAL,,100,,100K_AXIAL,SFR16S,,,40,4,high,7
1K_AXIAL,R0412,1K 2% 2W Axial,resistor,1K,AXIAL,,100,,1K_AXIAL,SFR16S,,,40,4,high,79
15K_0805_0.1%,R0413,15K 5% 2W Axial,resistor,15K,AXIAL,,100,,15K_0805_0.1%,RESC2012X65,,,40,4,low,2
10K_AXIAL,R0414,10K 10% 7W Axial,resistor,10K,AXIAL,,100,,10K_AXIAL,SFR16S,,,40,6,high,65
15^_0603,RSM0195,15^ 5% 1/4W 1206,resistor,15^,1206,,100,,15^_0603,RESC1608X60,,,40,1,low,1
7.15K_0805_0.1%,RSM0387,7.15K 1% 1/10W 0603,resistor,7.15K,0603,,100,,7.15K_0805_0.1%,RESC2012X65,,,40,1,low,1
26.1K_0603,RSM0395,26.1K 1% 1/16W 0402,resistor,26.1K,0402,,100,,26.1K_0603,RESC1608X60,,,40,1,low,2
120^_0603,RSM0285,120^ 1% 1/10W 0603,resistor,120^,0603,,100,,120^_0603,RESC1608X60,,,35,3,high,1
0.01UF_1210_500V,CSM0071,CAP CER 1uF 50V 1210 X7R,capacitor,1UF,1210,,100,,0.01UF_1210_500V,CAPC3225X135,,,26,6,medium,4
4.7UF_0805,CSM0075,CAP TANT 4.7uF 10V 10% CASE A,capacitor,4.7UF,CAPC2012X110,,100,,4.7UF_0805,CAPC2012X110,,,26,6,low,36
L,ICSM0086,LM809M3-4.63/NOPB lf pn,ic,,INDC1608X95N-IPC,,100,,L,INDC1608X95N-IPC,,,26,6,medium,2
SN74HC175DR,ICSM0087,ICSM SN74HC14D HEX INVERTER,ic,,SOIC127P600X175-16N,,100,,SN74HC175DR,SOIC127P600X175-16N,,,26,6,medium,1
33^_5W_FUSIBLE,RSM0053,RES 33R 2W 1% 4527,resistor,33^,AXIAL_0.8,,100,,33^_5W_FUSIBLE,AXIAL_0.8,,,26,6,low,3
120^_AXIAL,RSM0058,RES 120R 1W 5% 2512,resistor,120^,2512,,100,,120^_AXIAL,SFR16S,,,26,6,low,39
1.2K_0603,RSM0059,RES 1.2k 1W 5% 2512,resistor,1.2K,2512,,100,,1.2K_0603,RESC1608X60,,,26,6,low,52
SBD_20V_500MA,TSM0005,TSM PNP 60V 500mA SOT23,transistor,,SODFL3718X115,,100,,SBD_20V_500MA,SODFL3718X115,,,26,6,medium,6
ATMEGA328-AUR,ICSM0090,ATMEL ATMEGA325-16AU MicroCtrl,ic,,FLASH_32-TQFP,,100,,ATMEGA328-AUR,FLASH_32-TQFP,,,25,1,medium,2
150^_0603,R0180,RES 150^ 1% 0.25W **OBS*,resistor,150^,RESC1608X60,,100,,150^_0603,RESC1608X60,,,25,1,low,111
100^_1206_1%_0.5W,RSM0383,100^ 1% 1/4W 1206,resistor,100^,1206,,100,,100^_1206_1%_0.5W,RESC3216X70,,,25,1,high,119
10UF_1206_10%_25V,CSM0222,10uF 50V X7R 1206,capacitor,10UF,1206,,100,,10UF_1206_10%_25V,CAPC3216X135,,,20,2,high,10
0.022UF_0603,CSM0223,.22uF 50V 10% X7R 0603,capacitor,22UF,0603,,100,,0.022UF_0603,CAPC1608X85,,,20,1,medium,2
LED_RED_0805,L0092,Red LED 1.7Vf 20mA 60 deg,led,RED,LEDC2012X110N_B,,100,,LED_RED_0805,LEDC2012X110N_B,,,20,1,medium,62
200^_0603,RSM0196,200^ 5% 1/4W 1206,resistor,200^,1206,,100,,200^_0603,RESC1608X60,,,20,1,low,4
2.2K_0805,RSM0370,2.2K 1% 1/10W 0603,resistor,2.2K,0603,,100,,2.2K_0805,RESC2012X65,,,20,1,low,3
10UF_1206_10%_25V,CSM0111,CAP AL ELEC 10uF 50V 6.3mm,capacitor,10UF,CAPC3216X135,,100,,10UF_1206_10%_25V,CAPC3216X135,,,15,1,low,10
LM339AN,ICSM0157,IC quad compar LM339DR,ic,,DIL14-LARDO,,100,,LM339AN,DIL14-LARDO,,,15,1,medium,8
1.34K_0805,RSM0149,"34K,.1%,1/8W,0805",resistor,34K,0805,,100,,1.34K_0805,RESC2012X65,,,15,1,medium,1
2.2UF_0603,CSM0225,2.2uF 100V 10% X7R 1206,capacitor,2.2UF,1206,,100,,2.2UF_0603,CAPC1608X85,,,10,1,low,34
100K_0603,RSM0186,100K 5% 1/4W 1206,resistor,100K,1206,,100,,100K_0603,RESC1608X60,,,10,1,low,65
47PF_0603,CSM0141,47pF 100V C0G 5% 0603,capacitor,47PF,0603,,100,,47PF_0603,CAPC1608X85,,,5,1,high,7
L,ICSM0158,IC Shunt Regulator LM431CIM,ic,,INDC1608X95N-IPC,,100,,L,INDC1608X95N-IPC,,,5,1,medium,2
49.9^_0805,RSM0311,49.9^ 1% 1/10W 0603,resistor,49.9^,0603,,100,,49.9^_0805,RESC2012X65,,,5,1,low,64
